Hello World,Hannah Fry,2020-01-09
1984,George Orwell,2020-01-30
Great Expectations,Charles Dickens,2020-01-02
Frankenstein,Mary Shelley,2020-01-02
Portraits,Marc Hom,2020-01-08
The Kinkfolk,Nathan Williams,2020-01-14
Bad Blood,John Carreyrou,2020-01-14
The Choice,Edith Eger,2020-01-14
4h Chef,Tim Ferris,2020-01-24
Lord Of The Rings,‎J. R. R. Tolkien,2020-01-25
Lord Of Words,Unknown,2020-01-25
My Lord William,Lucy Lu,2020-01-25
Minset,Charlie White,2020-01-26
The Little Prince,Antoine De Saint-Exupéry,2020-01-27
